time,socket_power(Wh),average_co2(ppm),average_illumination(lux)
2024-04-17 01:00:00,48.833,588.603,33.762
2024-04-17 02:00:00,49.05,532.855,0.0
2024-04-17 03:00:00,49.467,518.815,0.0
2024-04-17 04:00:00,49.033,519.903,0.0
2024-04-17 05:00:00,48.85,515.295,0.0
2024-04-17 06:00:00,48.833,517.803,0.164
2024-04-17 07:00:00,67.267,524.839,1.419
2024-04-17 08:00:00,112.917,532.984,41.111
2024-04-17 09:00:00,527.717,540.662,66.765
2024-04-17 10:00:00,802.133,743.091,65.53
2024-04-17 11:00:00,519.0,780.493,66.0
2024-04-17 12:00:00,394.417,782.152,65.455
2024-04-17 13:00:00,653.483,599.179,66.522
2024-04-17 14:00:00,701.683,772.314,66.7
2024-04-17 15:00:00,888.543,783.292,65.585
2024-04-17 16:00:00,888.543,808.355,66.484
2024-04-17 17:00:00,798.567,791.5,65.242
2024-04-17 18:00:00,306.767,834.458,66.678
2024-04-17 19:00:00,102.367,784.985,68.303
2024-04-17 20:00:00,165.3,593.18,68.869
2024-04-17 21:00:00,169.333,599.177,68.968
2024-04-17 22:00:00,135.267,634.419,69.0
2024-04-17 23:00:00,179.883,603.145,69.065
2024-04-18 00:00:00,97.35,615.3,68.667
2024-04-18 01:00:00,96.2,587.426,68.738
2024-04-18 02:00:00,47.333,573.213,67.885
2024-04-18 03:00:00,40.7,546.115,13.377
2024-04-18 04:00:00,40.317,530.746,0.0
2024-04-18 05:00:00,40.4,527.262,0.0
2024-04-18 06:00:00,40.233,529.23,0.0
2024-04-18 07:00:00,95.9,533.302,1.317
2024-04-18 08:00:00,150.233,555.452,53.581
2024-04-18 09:00:00,802.883,596.632,66.765
2024-04-18 10:00:00,818.0,961.493,65.731
2024-04-18 11:00:00,588.3,1202.224,66.737
2024-04-18 12:00:00,475.367,1224.667,65.667
2024-04-18 13:00:00,888.543,994.966,65.034
2024-04-18 14:00:00,820.983,1224.403,65.889
2024-04-18 15:00:00,712.0,1364.204,66.597
2024-04-18 16:00:00,616.767,1364.204,64.127
2024-04-18 17:00:00,888.543,1364.204,66.814
2024-04-18 18:00:00,467.883,1364.204,65.687
2024-04-18 19:00:00,228.25,1364.204,65.317
2024-04-18 20:00:00,211.733,1229.765,66.765
2024-04-18 21:00:00,230.317,940.113,66.839
2024-04-18 22:00:00,155.117,920.417,66.8
2024-04-18 23:00:00,104.467,853.515,66.909
2024-04-19 00:00:00,59.25,679.246,53.6
2024-04-19 01:00:00,51.667,575.638,0.0
2024-04-19 02:00:00,48.683,539.716,0.0
2024-04-19 03:00:00,48.917,528.5,0.0
2024-04-19 04:00:00,51.55,525.696,0.0
2024-04-19 05:00:00,49.317,523.818,0.0
2024-04-19 06:00:00,49.417,527.657,0.0
2024-04-19 07:00:00,52.15,531.043,1.543
2024-04-19 08:00:00,103.15,539.696,7.725
2024-04-19 09:00:00,768.867,558.18,68.508
2024-04-19 10:00:00,888.543,922.279,66.754
2024-04-19 11:00:00,722.15,1289.243,66.973
2024-04-19 12:00:00,501.7,1364.204,66.683
2024-04-19 13:00:00,888.543,1053.918,66.934
2024-04-19 14:00:00,878.2,1277.894,66.636
2024-04-19 15:00:00,888.543,1364.204,68.484
2024-04-19 16:00:00,888.543,1364.204,68.049
2024-04-19 17:00:00,882.75,1364.204,67.484
2024-04-19 18:00:00,365.05,1364.204,64.968
2024-04-19 19:00:00,194.567,1364.204,66.516
2024-04-19 20:00:00,175.75,1048.516,66.968
2024-04-19 21:00:00,101.983,879.068,67.0
2024-04-19 22:00:00,168.017,750.548,66.968
2024-04-19 23:00:00,120.0,693.836,66.967
2024-04-20 00:00:00,50.383,677.297,35.594
2024-04-20 01:00:00,46.95,613.178,0.0
2024-04-20 02:00:00,41.033,574.986,0.0
2024-04-20 03:00:00,40.8,558.449,0.0
2024-04-20 04:00:00,40.733,551.359,0.0
2024-04-20 05:00:00,40.367,547.925,0.0
2024-04-20 06:00:00,40.7,540.143,0.0
2024-04-20 07:00:00,40.433,543.16,1.227
2024-04-20 08:00:00,40.967,539.411,1.479
2024-04-20 09:00:00,40.833,543.69,1.577
2024-04-20 10:00:00,41.0,541.111,1.569
2024-04-20 11:00:00,41.217,545.5,1.0
2024-04-20 12:00:00,47.517,536.423,1.0
2024-04-20 13:00:00,135.1,532.791,26.866
2024-04-20 14:00:00,175.367,573.29,67.0
2024-04-20 15:00:00,195.417,610.688,67.0
2024-04-20 16:00:00,216.85,638.712,67.03
2024-04-20 17:00:00,212.383,664.984,66.968
2024-04-20 18:00:00,133.2,685.836,66.869
2024-04-20 19:00:00,122.233,671.467,66.967
2024-04-20 20:00:00,47.2,614.066,66.934
2024-04-20 21:00:00,41.867,565.177,67.065
2024-04-20 22:00:00,89.067,520.623,67.0
2024-04-20 23:00:00,149.167,526.383,67.033
2024-04-21 00:00:00,110.567,594.633,66.9
2024-04-21 01:00:00,59.933,625.016,67.032
2024-04-21 02:00:00,41.133,606.701,24.0
2024-04-21 03:00:00,38.683,552.234,0.0
2024-04-21 04:00:00,38.8,527.028,0.0
2024-04-21 05:00:00,38.667,513.043,0.0
2024-04-21 06:00:00,38.667,509.194,0.0
2024-04-21 07:00:00,38.35,512.8,0.027
2024-04-21 08:00:00,38.95,512.247,1.671
2024-04-21 09:00:00,38.967,513.986,2.0
2024-04-21 10:00:00,38.983,518.671,1.962
2024-04-21 11:00:00,38.967,517.347,1.853
2024-04-21 12:00:00,76.917,517.368,1.0
2024-04-21 13:00:00,84.567,520.605,47.037
2024-04-21 14:00:00,141.6,532.696,67.0
2024-04-21 15:00:00,248.3,544.278,66.917
2024-04-21 16:00:00,295.35,653.542,67.0
2024-04-21 17:00:00,253.867,756.414,67.0
2024-04-21 18:00:00,196.783,791.612,66.94
2024-04-21 19:00:00,92.733,760.699,67.0
2024-04-21 20:00:00,121.183,731.956,66.971
2024-04-21 21:00:00,160.067,646.75,67.0
2024-04-21 22:00:00,95.833,641.386,66.971
2024-04-21 23:00:00,76.683,609.473,67.0
2024-04-22 00:00:00,42.817,560.015,67.0
2024-04-22 01:00:00,43.383,535.986,67.0
2024-04-22 02:00:00,46.933,524.895,59.5
2024-04-22 03:00:00,45.35,519.164,0.0
2024-04-22 04:00:00,44.217,513.899,0.0
2024-04-22 05:00:00,44.517,511.656,0.0
2024-04-22 06:00:00,44.417,508.082,0.0
2024-04-22 07:00:00,47.333,508.333,1.365
2024-04-22 08:00:00,100.167,514.917,10.85
2024-04-22 09:00:00,834.35,524.2,47.833
2024-04-22 10:00:00,451.617,826.721,66.18
2024-04-22 11:00:00,597.467,875.932,67.0
2024-04-22 12:00:00,396.117,957.984,66.127
2024-04-22 13:00:00,888.543,762.5,66.667
2024-04-22 14:00:00,888.543,1031.508,65.444
2024-04-22 15:00:00,888.543,1192.953,66.5
2024-04-22 16:00:00,888.543,1080.726,65.452
2024-04-22 17:00:00,888.543,1164.803,66.393
2024-04-22 18:00:00,287.383,1243.937,66.714
2024-04-22 19:00:00,142.483,967.475,66.627
2024-04-22 20:00:00,180.217,665.803,70.213
2024-04-22 21:00:00,139.933,690.825,70.912
2024-04-22 22:00:00,109.033,642.267,66.533
2024-04-22 23:00:00,78.333,579.689,66.902
2024-04-23 00:00:00,48.033,537.581,66.774
2024-04-23 01:00:00,47.7,517.869,54.328
2024-04-23 02:00:00,47.617,504.217,0.0
2024-04-23 03:00:00,47.867,499.283,0.0
2024-04-23 04:00:00,47.433,499.25,0.0
2024-04-23 05:00:00,47.4,497.377,0.0
2024-04-23 06:00:00,47.433,498.433,0.067
2024-04-23 07:00:00,47.317,497.433,1.7
2024-04-23 08:00:00,95.417,505.729,41.22
2024-04-23 09:00:00,537.317,510.583,66.733
2024-04-23 10:00:00,888.543,732.969,66.0
2024-04-23 11:00:00,764.067,848.984,65.032
2024-04-23 12:00:00,509.6,1141.307,65.027
2024-04-23 13:00:00,669.333,871.818,65.03
2024-04-23 14:00:00,627.317,1092.4,65.4
2024-04-23 15:00:00,613.483,1319.353,65.853
2024-04-23 16:00:00,583.967,1364.204,65.033
2024-04-23 17:00:00,599.0,1362.339,66.516
2024-04-23 18:00:00,338.55,1364.204,67.328
2024-04-23 19:00:00,245.633,1364.204,63.615
2024-04-23 20:00:00,144.967,1056.867,66.967
2024-04-23 21:00:00,254.317,804.262,66.902
2024-04-23 22:00:00,261.883,699.6,66.7
2024-04-23 23:00:00,178.433,731.918,66.967
2024-04-24 00:00:00,119.4,727.323,66.903
2024-04-24 01:00:00,89.3,660.968,23.774
2024-04-24 02:00:00,85.333,579.194,0.0
2024-04-24 03:00:00,85.417,545.177,0.0
2024-04-24 04:00:00,85.033,523.435,0.0
2024-04-24 05:00:00,85.317,516.3,0.0
2024-04-24 06:00:00,86.017,508.968,0.0
2024-04-24 07:00:00,108.083,506.761,21.881
2024-04-24 08:00:00,153.433,515.667,66.833
2024-04-24 09:00:00,782.6,535.145,66.935
2024-04-24 10:00:00,774.767,773.242,66.394
2024-04-24 11:00:00,701.917,931.969,66.231
2024-04-24 12:00:00,395.75,942.108,66.354
2024-04-24 13:00:00,888.543,691.615,66.108
2024-04-24 14:00:00,888.543,877.508,66.631
2024-04-24 15:00:00,839.583,1037.672,66.938
2024-04-24 16:00:00,831.65,1118.029,68.629
2024-04-24 17:00:00,862.833,986.818,70.394
2024-04-24 18:00:00,454.1,983.162,67.588
2024-04-24 19:00:00,160.317,822.438,66.836
2024-04-24 20:00:00,139.633,647.684,67.026
2024-04-24 21:00:00,106.267,620.662,66.971
2024-04-24 22:00:00,117.767,598.644,67.0
2024-04-24 23:00:00,114.95,604.729,66.943
2024-04-25 00:00:00,42.117,585.061,64.924
2024-04-25 01:00:00,42.133,534.632,0.0
2024-04-25 02:00:00,41.833,513.565,0.0
2024-04-25 03:00:00,41.833,513.25,0.0
2024-04-25 04:00:00,41.55,510.946,0.0
2024-04-25 05:00:00,41.917,514.155,0.0
2024-04-25 06:00:00,42.75,515.603,0.082
2024-04-25 07:00:00,42.333,514.514,16.25
2024-04-25 08:00:00,85.717,524.486,45.186
2024-04-25 09:00:00,695.033,539.392,58.342
2024-04-25 10:00:00,888.543,734.522,66.333
2024-04-25 11:00:00,779.217,788.2,66.586
2024-04-25 12:00:00,561.3,831.958,66.208
2024-04-25 13:00:00,888.543,618.458,66.722
2024-04-25 14:00:00,888.543,1120.944,65.611
2024-04-25 15:00:00,832.333,1364.204,65.926
2024-04-25 16:00:00,859.833,1265.338,69.662
2024-04-25 17:00:00,792.167,1364.204,69.6
2024-04-25 18:00:00,301.133,1364.204,66.53
2024-04-25 19:00:00,239.417,1229.382,65.809
2024-04-25 20:00:00,119.55,931.299,68.821
2024-04-25 21:00:00,75.983,828.661,68.677
2024-04-25 22:00:00,45.25,743.656,68.219
2024-04-25 23:00:00,66.85,669.62,4.859
2024-04-26 00:00:00,42.533,627.603,43.493
2024-04-26 01:00:00,41.817,605.394,0.0
2024-04-26 02:00:00,42.0,580.614,0.0
2024-04-26 03:00:00,41.8,568.015,0.0
2024-04-26 04:00:00,41.833,564.014,0.0
2024-04-26 05:00:00,42.067,554.455,0.0
2024-04-26 06:00:00,42.067,551.652,0.0
2024-04-26 07:00:00,42.483,552.181,1.75
2024-04-26 08:00:00,70.617,562.457,5.471
2024-04-26 09:00:00,732.883,587.524,47.683
2024-04-26 10:00:00,888.543,919.806,65.791
2024-04-26 11:00:00,762.267,1266.917,65.486
2024-04-26 12:00:00,426.017,1364.204,64.667
2024-04-26 13:00:00,853.183,1042.435,65.242
2024-04-26 14:00:00,755.117,1157.162,66.471
2024-04-26 15:00:00,705.25,1102.441,65.853
2024-04-26 16:00:00,781.25,1207.541,66.213
2024-04-26 17:00:00,601.35,1307.714,65.635
2024-04-26 18:00:00,206.35,1356.106,66.758
2024-04-26 19:00:00,70.183,1364.204,64.677
2024-04-26 20:00:00,136.317,1321.435,67.0
2024-04-26 21:00:00,258.15,1246.4,65.708
2024-04-26 22:00:00,236.133,1273.971,68.265
2024-04-26 23:00:00,191.833,1328.855,67.806
2024-04-27 00:00:00,36.05,1332.221,67.235
2024-04-27 01:00:00,33.217,1205.689,4.967
2024-04-27 02:00:00,33.5,1070.306,0.0
2024-04-27 03:00:00,32.983,969.262,0.0
2024-04-27 04:00:00,33.1,902.117,0.0
2024-04-27 05:00:00,33.067,840.475,0.0
2024-04-27 06:00:00,33.15,792.639,0.066
2024-04-27 07:00:00,32.967,756.344,1.508
2024-04-27 08:00:00,33.117,721.066,1.0
2024-04-27 09:00:00,33.433,688.383,1.017
2024-04-27 10:00:00,33.0,666.098,1.0
2024-04-27 11:00:00,32.983,651.29,0.968
2024-04-27 12:00:00,33.367,634.967,1.0
2024-04-27 13:00:00,33.15,622.667,1.0
2024-04-27 14:00:00,35.95,614.867,1.0
2024-04-27 15:00:00,164.367,610.375,24.969
2024-04-27 16:00:00,117.6,684.623,60.319
2024-04-27 17:00:00,94.8,770.448,61.716
2024-04-27 18:00:00,33.6,817.712,60.273
2024-04-27 19:00:00,33.017,767.302,30.873
2024-04-27 20:00:00,33.65,735.0,9.639
2024-04-27 21:00:00,75.417,708.77,59.131
2024-04-27 22:00:00,80.917,703.443,59.057
2024-04-27 23:00:00,78.15,719.435,59.0
2024-04-28 00:00:00,33.3,713.426,50.294
2024-04-28 01:00:00,33.317,696.098,0.0
2024-04-28 02:00:00,32.6,665.887,0.0
2024-04-28 03:00:00,33.3,649.5,0.0
2024-04-28 04:00:00,32.9,636.393,0.0
2024-04-28 05:00:00,33.15,621.935,0.0
2024-04-28 06:00:00,33.183,609.705,0.328
2024-04-28 07:00:00,33.217,599.677,1.258
2024-04-28 08:00:00,33.217,590.672,1.0
2024-04-28 09:00:00,33.633,585.443,1.0
2024-04-28 10:00:00,33.25,577.161,1.0
2024-04-28 11:00:00,33.433,571.129,1.0
2024-04-28 12:00:00,40.2,567.0,1.0
2024-04-28 13:00:00,144.067,563.516,11.387
2024-04-28 14:00:00,156.167,614.746,60.972
2024-04-28 15:00:00,108.467,683.761,61.0
2024-04-28 16:00:00,153.583,660.917,62.333
2024-04-28 17:00:00,91.017,681.845,61.254
2024-04-28 18:00:00,91.65,708.162,59.382
2024-04-28 19:00:00,106.317,684.197,61.0
2024-04-28 20:00:00,77.0,667.721,61.0
2024-04-28 21:00:00,80.367,661.161,57.387
2024-04-28 22:00:00,77.483,636.897,57.0
2024-04-28 23:00:00,76.867,636.938,57.0
2024-04-29 00:00:00,34.633,642.746,57.0
2024-04-29 01:00:00,32.983,633.344,0.475
2024-04-29 02:00:00,32.833,611.45,0.0
2024-04-29 03:00:00,33.183,591.1,0.0
2024-04-29 04:00:00,32.867,581.164,0.0
2024-04-29 05:00:00,32.8,570.246,0.0
2024-04-29 06:00:00,32.45,561.333,0.0
2024-04-29 07:00:00,32.883,552.548,0.0
2024-04-29 08:00:00,81.183,555.417,14.05
2024-04-29 09:00:00,766.583,576.377,66.705
2024-04-29 10:00:00,832.617,1019.19,66.698
2024-04-29 11:00:00,793.3,1364.204,65.877
2024-04-29 12:00:00,538.8,1364.204,65.254
2024-04-29 13:00:00,888.543,1364.204,65.476
2024-04-29 14:00:00,888.543,1364.204,67.817
2024-04-29 15:00:00,888.543,1364.204,68.625
2024-04-29 16:00:00,888.543,1364.204,66.939
2024-04-29 17:00:00,888.543,1364.204,67.754
2024-04-29 18:00:00,330.1,1364.204,67.429
2024-04-29 19:00:00,227.533,1364.204,67.848
2024-04-29 20:00:00,171.533,1344.515,68.853
2024-04-29 21:00:00,150.517,1027.614,68.857
2024-04-29 22:00:00,177.55,833.761,68.761
2024-04-29 23:00:00,197.8,744.514,68.5
2024-04-30 00:00:00,130.217,765.239,68.606
2024-04-30 01:00:00,90.55,730.84,68.36
2024-04-30 02:00:00,71.433,678.822,22.11
2024-04-30 03:00:00,67.317,605.623,0.0
2024-04-30 04:00:00,63.533,546.452,0.0
2024-04-30 05:00:00,62.95,531.56,0.0
2024-04-30 06:00:00,63.1,524.72,0.0
2024-04-30 07:00:00,62.85,517.75,0.789
2024-04-30 08:00:00,101.5,531.986,32.873
2024-04-30 09:00:00,629.417,541.76,53.92
2024-04-30 10:00:00,888.543,848.697,61.697
2024-04-30 11:00:00,872.817,984.871,65.086
2024-04-30 12:00:00,481.483,1037.825,65.095
2024-04-30 13:00:00,845.717,695.208,65.417
2024-04-30 14:00:00,833.817,978.643,66.557
2024-04-30 15:00:00,860.45,1083.458,65.889
2024-04-30 16:00:00,888.543,813.072,66.754
2024-04-30 17:00:00,888.543,732.714,65.771
2024-04-30 18:00:00,304.817,834.217,67.433
2024-04-30 19:00:00,237.733,748.565,68.226
2024-04-30 20:00:00,284.5,616.053,68.711
2024-04-30 21:00:00,203.517,630.896,68.455
2024-04-30 22:00:00,153.15,607.865,68.838
2024-04-30 23:00:00,152.45,563.177,68.975
2024-05-01 00:00:00,113.167,545.118,64.603
2024-05-01 01:00:00,91.85,548.27,69.0
2024-05-01 02:00:00,97.967,555.344,69.0
2024-05-01 03:00:00,69.45,560.117,55.133
2024-05-01 04:00:00,69.967,534.742,0.0
2024-05-01 05:00:00,69.267,511.532,0.0
2024-05-01 06:00:00,68.95,504.623,0.0
2024-05-01 07:00:00,69.033,504.55,0.0
2024-05-01 08:00:00,140.917,497.814,1.254
2024-05-01 09:00:00,677.633,507.672,57.426
2024-05-01 10:00:00,888.543,723.597,66.226
2024-05-01 11:00:00,867.7,940.676,65.853
2024-05-01 12:00:00,585.417,953.813,66.067
2024-05-01 13:00:00,888.543,713.282,60.451
2024-05-01 14:00:00,709.217,927.141,66.984
2024-05-01 15:00:00,888.543,979.809,66.83
2024-05-01 16:00:00,888.543,957.379,66.894
2024-05-01 17:00:00,765.15,1003.825,66.079
2024-05-01 18:00:00,412.133,965.704,66.746
2024-05-01 19:00:00,243.517,881.771,66.914
2024-05-01 20:00:00,218.717,663.197,68.408
2024-05-01 21:00:00,316.833,619.426,68.176
2024-05-01 22:00:00,289.283,685.211,68.577
2024-05-01 23:00:00,183.7,671.613,66.707
2024-05-02 00:00:00,112.35,582.603,65.718
2024-05-02 01:00:00,111.7,539.81,65.0
2024-05-02 02:00:00,109.167,540.117,65.156
2024-05-02 03:00:00,76.183,534.354,59.253
2024-05-02 04:00:00,76.85,526.244,0.0
2024-05-02 05:00:00,76.783,510.139,0.0
2024-05-02 06:00:00,75.283,507.392,0.459
2024-05-02 07:00:00,75.467,510.857,4.557
2024-05-02 08:00:00,174.75,522.382,47.882
2024-05-02 09:00:00,888.543,549.836,63.313
2024-05-02 10:00:00,888.543,822.562,64.5
2024-05-02 11:00:00,697.5,929.706,64.147
2024-05-02 12:00:00,480.717,775.541,65.0
2024-05-02 13:00:00,803.333,625.082,65.852
2024-05-02 14:00:00,532.467,947.841,66.27
2024-05-02 15:00:00,667.767,1182.921,68.429
2024-05-02 16:00:00,821.383,1253.246,67.049
2024-05-02 17:00:00,852.967,1364.204,66.621
2024-05-02 18:00:00,259.233,1364.204,65.508
2024-05-02 19:00:00,233.117,1155.803,67.82
2024-05-02 20:00:00,272.883,807.016,68.968
2024-05-02 21:00:00,301.067,764.934,68.607
2024-05-02 22:00:00,264.9,844.583,68.9
2024-05-02 23:00:00,174.783,773.783,68.767
2024-05-03 00:00:00,92.283,729.25,64.267
2024-05-03 01:00:00,91.533,645.885,0.0
2024-05-03 02:00:00,91.983,583.27,1.714
2024-05-03 03:00:00,91.617,550.733,0.0
2024-05-03 04:00:00,93.333,535.18,0.0
2024-05-03 05:00:00,91.367,532.631,0.0
2024-05-03 06:00:00,82.45,530.857,0.444
2024-05-03 07:00:00,81.967,529.098,1.475
2024-05-03 08:00:00,147.317,536.8,5.1
2024-05-03 09:00:00,676.083,556.475,56.23
2024-05-03 10:00:00,805.25,815.104,64.791
2024-05-03 11:00:00,576.867,1002.926,65.382
2024-05-03 12:00:00,289.433,1038.831,65.923
2024-05-03 13:00:00,812.983,804.033,66.95
2024-05-03 14:00:00,726.633,952.934,65.951
2024-05-03 15:00:00,677.317,986.705,68.492
2024-05-03 16:00:00,677.65,915.937,69.841
2024-05-03 17:00:00,582.083,939.597,69.0
2024-05-03 18:00:00,231.55,944.569,66.292
2024-05-03 19:00:00,170.383,897.714,64.587
2024-05-03 20:00:00,154.383,800.823,65.129
2024-05-03 21:00:00,215.55,659.444,65.056
2024-05-03 22:00:00,168.5,616.371,66.387
2024-05-03 23:00:00,149.017,635.361,66.246
2024-05-04 00:00:00,73.333,616.133,65.433
2024-05-04 01:00:00,48.55,589.919,32.726
2024-05-04 02:00:00,44.7,552.917,0.0
2024-05-04 03:00:00,44.8,534.54,0.0
2024-05-04 04:00:00,45.133,529.767,0.0
2024-05-04 05:00:00,44.75,532.274,0.0
2024-05-04 06:00:00,45.133,526.443,0.361
2024-05-04 07:00:00,45.267,528.918,1.689
2024-05-04 08:00:00,44.65,527.525,1.0
2024-05-04 09:00:00,45.1,522.183,1.0
2024-05-04 10:00:00,44.883,520.246,1.0
2024-05-04 11:00:00,44.75,514.951,1.0
2024-05-04 12:00:00,45.1,505.817,1.0
2024-05-04 13:00:00,97.633,503.161,1.0
2024-05-04 14:00:00,108.833,519.254,67.968
2024-05-04 15:00:00,174.067,528.097,68.984
2024-05-04 16:00:00,276.3,533.921,68.873
2024-05-04 17:00:00,210.933,596.65,69.217
2024-05-04 18:00:00,218.433,602.855,66.629
2024-05-04 19:00:00,191.767,618.267,65.7
2024-05-04 20:00:00,108.467,635.422,67.25
2024-05-04 21:00:00,48.483,597.468,66.419
2024-05-04 22:00:00,246.983,551.167,65.133
2024-05-04 23:00:00,215.6,598.131,65.393
2024-05-05 00:00:00,47.25,674.393,66.246
2024-05-05 01:00:00,45.467,653.836,7.164
2024-05-05 02:00:00,47.4,595.0,0.0
2024-05-05 03:00:00,44.517,571.333,0.0
2024-05-05 04:00:00,45.1,558.855,0.0
2024-05-05 05:00:00,44.65,546.459,0.0
2024-05-05 06:00:00,44.517,533.233,0.0
2024-05-05 07:00:00,44.233,523.082,0.361
2024-05-05 08:00:00,44.483,512.867,1.967
2024-05-05 09:00:00,45.033,508.016,2.0
2024-05-05 10:00:00,44.833,502.258,1.435
2024-05-05 11:00:00,77.65,503.067,1.367
2024-05-05 12:00:00,85.017,514.306,62.016
2024-05-05 13:00:00,100.7,524.9,65.033
2024-05-05 14:00:00,155.817,524.726,66.355
2024-05-05 15:00:00,179.85,535.714,60.937
2024-05-05 16:00:00,226.0,605.683,1.0
2024-05-05 17:00:00,256.45,655.661,16.516
2024-05-05 18:00:00,262.2,680.18,2.098
2024-05-05 19:00:00,263.567,709.233,2.033
2024-05-05 20:00:00,255.2,684.689,2.0
2024-05-05 21:00:00,272.7,727.29,2.032
2024-05-05 22:00:00,202.0,726.721,2.0
2024-05-05 23:00:00,192.483,739.048,2.0
2024-05-06 00:00:00,46.267,697.311,2.033
2024-05-06 01:00:00,43.433,605.7,0.167
2024-05-06 02:00:00,43.467,544.2,0.0
2024-05-06 03:00:00,43.2,517.323,0.0
2024-05-06 04:00:00,43.717,505.726,0.0
2024-05-06 05:00:00,43.4,503.817,0.0
2024-05-06 06:00:00,43.333,499.159,0.0
2024-05-06 07:00:00,43.717,501.311,1.279
2024-05-06 08:00:00,44.117,504.967,1.1
2024-05-06 09:00:00,44.067,507.188,1.0
2024-05-06 10:00:00,44.083,512.7,1.0
2024-05-06 11:00:00,44.033,515.587,1.0
2024-05-06 12:00:00,44.083,520.683,1.0
2024-05-06 13:00:00,56.083,519.317,1.0
2024-05-06 14:00:00,117.383,512.623,1.574
2024-05-06 15:00:00,147.683,530.18,2.623
2024-05-06 16:00:00,167.867,558.27,2.921
2024-05-06 17:00:00,117.867,585.532,2.0
2024-05-06 18:00:00,80.733,605.286,2.0
2024-05-06 19:00:00,106.15,574.177,2.0
2024-05-06 20:00:00,80.367,554.393,2.0
2024-05-06 21:00:00,81.7,550.292,2.0
2024-05-06 22:00:00,90.0,546.883,2.0
2024-05-06 23:00:00,103.5,544.094,2.062
2024-05-07 00:00:00,45.633,545.694,2.0
2024-05-07 01:00:00,45.467,535.164,0.033
2024-05-07 02:00:00,45.75,523.82,0.0
2024-05-07 03:00:00,45.633,518.233,0.0
2024-05-07 04:00:00,45.467,511.883,0.0
2024-05-07 05:00:00,45.183,515.355,0.0
2024-05-07 06:00:00,45.45,508.738,0.0
2024-05-07 07:00:00,45.5,513.525,1.639
2024-05-07 08:00:00,108.517,517.951,5.77
2024-05-07 09:00:00,635.35,535.77,38.738
2024-05-07 10:00:00,646.4,826.761,66.746
2024-05-07 11:00:00,878.35,924.344,66.639
2024-05-07 12:00:00,510.533,1051.883,66.267
2024-05-07 13:00:00,856.283,770.117,68.233
2024-05-07 14:00:00,888.543,1037.426,68.508
2024-05-07 15:00:00,869.983,1078.091,67.515
2024-05-07 16:00:00,888.543,1090.164,68.344
2024-05-07 17:00:00,770.117,1058.031,67.906
2024-05-07 18:00:00,315.783,1051.381,67.317
2024-05-07 19:00:00,250.75,879.254,68.429
2024-05-07 20:00:00,238.183,697.836,69.0
2024-05-07 21:00:00,220.3,636.1,69.0
2024-05-07 22:00:00,216.783,658.667,68.733
2024-05-07 23:00:00,176.033,613.892,68.877
2024-05-08 00:00:00,92.233,571.226,68.29
2024-05-08 01:00:00,85.85,536.197,1.131
2024-05-08 02:00:00,84.933,513.532,0.0
2024-05-08 03:00:00,85.117,503.95,0.0
2024-05-08 04:00:00,84.183,505.115,0.0
2024-05-08 05:00:00,84.033,507.65,0.0
2024-05-08 06:00:00,83.7,505.934,0.0
2024-05-08 07:00:00,85.517,506.871,1.677
2024-05-08 08:00:00,143.217,515.05,15.067
2024-05-08 09:00:00,598.5,536.698,66.54
2024-05-08 10:00:00,742.45,829.2,65.8
2024-05-08 11:00:00,888.543,1030.667,66.143
2024-05-08 12:00:00,591.233,1129.429,66.238
2024-05-08 13:00:00,844.683,778.875,66.562
2024-05-08 14:00:00,888.543,1020.524,65.444
2024-05-08 15:00:00,804.25,1174.148,65.787
2024-05-08 16:00:00,840.567,1094.517,66.183
2024-05-08 17:00:00,836.533,1045.585,66.862
2024-05-08 18:00:00,446.817,1103.197,66.197
2024-05-08 19:00:00,164.017,978.597,66.29
2024-05-08 20:00:00,263.717,724.578,66.969
2024-05-08 21:00:00,237.65,727.952,66.905
2024-05-08 22:00:00,154.933,819.967,66.902
2024-05-08 23:00:00,134.267,788.5,66.933
2024-05-09 00:00:00,81.6,701.839,66.452
2024-05-09 01:00:00,80.75,620.672,0.0
2024-05-09 02:00:00,80.967,571.41,0.0
2024-05-09 03:00:00,81.067,544.783,0.0
2024-05-09 04:00:00,80.9,529.968,0.0
2024-05-09 05:00:00,80.4,521.115,0.0
2024-05-09 06:00:00,81.333,518.871,0.484
2024-05-09 07:00:00,81.583,518.344,24.836
2024-05-09 08:00:00,136.1,528.413,42.206
2024-05-09 09:00:00,867.25,539.689,50.393
2024-05-09 10:00:00,888.543,813.739,66.072
2024-05-09 11:00:00,888.543,818.547,66.031
2024-05-09 12:00:00,606.717,770.571,65.286
2024-05-09 13:00:00,888.543,597.2,64.967
2024-05-09 14:00:00,888.543,777.236,65.833
2024-05-09 15:00:00,888.543,724.908,66.631
2024-05-09 16:00:00,888.543,761.169,68.538
2024-05-09 17:00:00,888.543,909.492,67.095
2024-05-09 18:00:00,371.967,936.587,65.889
2024-05-09 19:00:00,178.633,834.258,64.145
2024-05-09 20:00:00,297.417,715.583,65.867
2024-05-09 21:00:00,315.1,696.361,68.197
2024-05-09 22:00:00,319.833,698.317,65.833
2024-05-09 23:00:00,251.733,714.213,65.754
2024-05-10 00:00:00,109.95,639.355,64.145
2024-05-10 01:00:00,101.45,585.283,0.0
2024-05-10 02:00:00,98.767,552.267,0.0
2024-05-10 03:00:00,96.95,543.242,0.0
2024-05-10 04:00:00,97.233,533.492,0.0
2024-05-10 05:00:00,96.683,533.117,0.0
2024-05-10 06:00:00,96.867,529.283,0.567
2024-05-10 07:00:00,96.967,528.55,23.617
2024-05-10 08:00:00,172.083,546.906,40.75
2024-05-10 09:00:00,887.233,551.333,55.175
2024-05-10 10:00:00,888.543,772.746,66.365
2024-05-10 11:00:00,849.567,937.185,66.523
2024-05-10 12:00:00,507.217,874.58,66.333
2024-05-10 13:00:00,888.543,676.258,66.597
2024-05-10 14:00:00,888.543,790.719,66.953
2024-05-10 15:00:00,888.543,811.258,69.758
2024-05-10 16:00:00,866.967,826.532,71.403
2024-05-10 17:00:00,864.817,815.517,69.767
2024-05-10 18:00:00,378.6,836.459,65.836
2024-05-10 19:00:00,225.85,696.381,65.413
2024-05-10 20:00:00,275.8,581.095,65.286
2024-05-10 21:00:00,262.1,626.032,65.508
2024-05-10 22:00:00,212.3,675.048,65.774
2024-05-10 23:00:00,237.667,629.23,66.377
2024-05-11 00:00:00,132.633,599.452,66.194
2024-05-11 01:00:00,126.2,558.468,11.855
2024-05-11 02:00:00,91.617,524.197,0.0
2024-05-11 03:00:00,86.533,521.0,0.0
2024-05-11 04:00:00,86.3,518.443,0.0
2024-05-11 05:00:00,86.25,514.238,0.0
2024-05-11 06:00:00,86.267,518.25,0.633
2024-05-11 07:00:00,86.117,516.541,1.59
2024-05-11 08:00:00,85.783,509.887,1.0
2024-05-11 09:00:00,86.183,500.883,1.0
2024-05-11 10:00:00,182.733,501.8,1.0
2024-05-11 11:00:00,155.0,517.935,8.177
2024-05-11 12:00:00,126.6,524.426,8.033
2024-05-11 13:00:00,257.45,509.403,8.065
2024-05-11 14:00:00,301.5,544.887,31.565
2024-05-11 15:00:00,308.517,566.967,66.344
2024-05-11 16:00:00,371.283,569.2,66.2
2024-05-11 17:00:00,330.283,572.383,65.167
2024-05-11 18:00:00,291.867,565.557,65.951
2024-05-11 19:00:00,254.217,564.3,68.467
2024-05-11 20:00:00,147.117,552.017,69.0
2024-05-11 21:00:00,158.15,533.377,68.967
2024-05-11 22:00:00,165.05,523.213,68.934
2024-05-11 23:00:00,168.95,533.3,68.933
2024-05-12 00:00:00,159.883,532.23,68.902
2024-05-12 01:00:00,139.2,530.483,69.0
2024-05-12 02:00:00,120.383,511.113,25.597
2024-05-12 03:00:00,120.617,506.21,0.0
2024-05-12 04:00:00,120.183,507.117,0.0
2024-05-12 05:00:00,120.233,505.097,0.0
2024-05-12 06:00:00,120.55,505.571,0.0
2024-05-12 07:00:00,120.75,508.159,1.778
2024-05-12 08:00:00,120.55,508.419,1.839
2024-05-12 09:00:00,120.233,520.033,1.15
2024-05-12 10:00:00,120.633,518.115,1.0
2024-05-12 11:00:00,120.2,515.0,1.0
2024-05-12 12:00:00,168.367,509.705,2.164
2024-05-12 13:00:00,185.617,520.983,7.717
2024-05-12 14:00:00,287.6,523.083,6.533
2024-05-12 15:00:00,484.383,552.484,6.29
2024-05-12 16:00:00,404.85,722.267,8.133
2024-05-12 17:00:00,402.417,808.148,8.59
2024-05-12 18:00:00,300.317,865.302,7.937
2024-05-12 19:00:00,203.883,846.4,8.0
2024-05-12 20:00:00,231.433,811.574,8.0
2024-05-12 21:00:00,250.283,757.797,7.966
2024-05-12 22:00:00,177.0,808.75,8.0
2024-05-12 23:00:00,157.15,796.111,8.0
2024-05-13 00:00:00,86.117,721.333,8.0
2024-05-13 01:00:00,85.783,646.153,0.915
2024-05-13 02:00:00,85.667,571.661,0.0
2024-05-13 03:00:00,84.1,543.129,0.0
2024-05-13 04:00:00,84.383,528.758,0.0
2024-05-13 05:00:00,86.133,519.857,0.0
2024-05-13 06:00:00,86.65,517.785,0.4
2024-05-13 07:00:00,87.25,518.203,1.75
2024-05-13 08:00:00,227.567,521.361,8.066
2024-05-13 09:00:00,771.033,555.141,29.338
2024-05-13 10:00:00,888.543,1048.239,64.896
2024-05-13 11:00:00,823.833,1356.926,65.235
2024-05-13 12:00:00,424.117,1364.204,64.859
2024-05-13 13:00:00,735.05,1151.048,65.226
2024-05-13 14:00:00,745.233,1216.443,65.328
2024-05-13 15:00:00,888.543,1364.204,68.219
2024-05-13 16:00:00,888.543,1364.204,69.754
2024-05-13 17:00:00,888.543,1364.204,67.906
2024-05-13 18:00:00,318.2,1364.204,65.677
2024-05-13 19:00:00,479.217,1364.204,66.508
2024-05-13 20:00:00,551.883,1210.179,65.209
2024-05-13 21:00:00,499.083,1266.431,65.185
2024-05-13 22:00:00,368.733,1282.18,65.361
2024-05-13 23:00:00,175.4,1257.015,67.031
2024-05-14 00:00:00,109.267,1081.55,65.033
2024-05-14 01:00:00,106.467,834.77,14.393
2024-05-14 02:00:00,94.85,689.365,2.921
2024-05-14 03:00:00,93.817,616.902,12.328
2024-05-14 04:00:00,93.35,574.0,0.0
2024-05-14 05:00:00,94.467,554.302,0.0
2024-05-14 06:00:00,96.283,541.254,0.794
2024-05-14 07:00:00,96.917,536.656,1.754
2024-05-14 08:00:00,154.367,543.016,5.476
2024-05-14 09:00:00,888.543,556.565,49.5
2024-05-14 10:00:00,797.3,952.0,66.175
2024-05-14 11:00:00,480.65,1290.969,66.875
2024-05-14 12:00:00,344.317,1364.204,65.921
2024-05-14 13:00:00,888.543,1220.705,66.836
2024-05-14 14:00:00,888.543,1364.204,66.468
2024-05-14 15:00:00,836.117,1364.204,66.692
2024-05-14 16:00:00,843.5,1364.204,68.426
2024-05-14 17:00:00,803.217,1364.204,69.453
2024-05-14 18:00:00,343.533,1364.204,66.267
2024-05-14 19:00:00,262.3,1270.254,66.463
2024-05-14 20:00:00,273.55,1037.137,66.945
2024-05-14 21:00:00,273.95,985.042,66.972
2024-05-14 22:00:00,235.467,972.574,67.0
2024-05-14 23:00:00,241.767,969.394,67.0
2024-05-15 00:00:00,135.8,925.479,65.197
2024-05-15 01:00:00,135.967,869.882,0.0
2024-05-15 02:00:00,134.983,758.421,0.0
2024-05-15 03:00:00,139.067,701.548,0.0
2024-05-15 04:00:00,139.117,660.057,0.0
2024-05-15 05:00:00,139.767,627.89,0.0
2024-05-15 06:00:00,144.7,608.449,0.696
2024-05-15 07:00:00,137.967,589.086,1.8
2024-05-15 08:00:00,138.467,573.342,1.0
2024-05-15 09:00:00,178.467,564.466,13.575
2024-05-15 10:00:00,90.4,634.824,68.095
2024-05-15 11:00:00,95.717,637.746,67.119
2024-05-15 12:00:00,179.9,580.438,66.973
2024-05-15 13:00:00,314.167,617.877,67.055
2024-05-15 14:00:00,460.65,732.462,66.815
2024-05-15 15:00:00,509.5,1023.838,69.882
2024-05-15 16:00:00,538.733,1256.681,71.145
2024-05-15 17:00:00,614.55,1158.952,67.016
2024-05-15 18:00:00,415.233,1220.508,66.651
2024-05-15 19:00:00,175.433,1172.431,68.385
2024-05-15 20:00:00,230.667,948.031,68.723
2024-05-15 21:00:00,236.0,748.5,68.968
2024-05-15 22:00:00,250.15,699.803,68.967
2024-05-15 23:00:00,213.083,738.955,67.657
2024-05-16 00:00:00,139.917,730.839,66.129
2024-05-16 01:00:00,119.467,662.645,66.516
2024-05-16 02:00:00,79.867,605.734,64.5
2024-05-16 03:00:00,79.95,555.03,0.0
2024-05-16 04:00:00,80.033,517.191,0.0
2024-05-16 05:00:00,79.7,503.676,0.0
2024-05-16 06:00:00,80.367,499.075,0.328
2024-05-16 07:00:00,80.967,495.972,2.0
2024-05-16 08:00:00,110.883,502.071,9.786
2024-05-16 09:00:00,841.25,517.217,35.817
2024-05-16 10:00:00,322.683,797.903,65.984
2024-05-16 11:00:00,0.0,955.21,66.032
2024-05-16 12:00:00,0.0,1007.544,66.123
2024-05-16 13:00:00,0.0,666.729,66.797
2024-05-16 14:00:00,0.0,1036.224,66.845
2024-05-16 15:00:00,658.8,1147.831,69.678
2024-05-16 16:00:00,864.517,1304.867,70.933
2024-05-16 17:00:00,440.317,1364.204,69.883
2024-05-16 18:00:00,421.333,1364.204,66.593
2024-05-16 19:00:00,322.75,1297.017,66.967
2024-05-16 20:00:00,420.383,987.517,67.103
2024-05-16 21:00:00,368.3,1014.655,67.0
2024-05-16 22:00:00,208.7,1044.45,66.667
2024-05-16 23:00:00,145.017,938.85,66.8
2024-05-17 00:00:00,91.167,855.544,54.93
2024-05-17 01:00:00,86.75,669.305,0.034
2024-05-17 02:00:00,87.15,585.719,0.0
2024-05-17 03:00:00,86.6,547.328,0.103
2024-05-17 04:00:00,86.933,530.424,0.102
2024-05-17 05:00:00,86.433,519.914,0.034
2024-05-17 06:00:00,87.75,517.217,1.633
2024-05-17 07:00:00,87.317,515.136,1.661
2024-05-17 08:00:00,127.7,527.328,17.776
2024-05-17 09:00:00,839.317,539.379,36.914
2024-05-17 10:00:00,861.45,897.153,66.492
2024-05-17 11:00:00,663.267,1177.339,67.068
2024-05-17 12:00:00,391.933,961.051,66.814
2024-05-17 13:00:00,752.833,698.143,66.464
2024-05-17 14:00:00,781.567,897.845,67.897
2024-05-17 15:00:00,709.35,897.207,70.19
2024-05-17 16:00:00,711.733,835.086,71.638
2024-05-17 17:00:00,660.8,760.759,70.793
2024-05-17 18:00:00,227.6,944.672,67.828
2024-05-17 19:00:00,250.267,890.649,67.07
2024-05-17 20:00:00,336.633,726.746,66.932
2024-05-17 21:00:00,282.967,732.655,67.0
2024-05-17 22:00:00,264.55,738.328,66.966
2024-05-17 23:00:00,155.8,745.196,66.964
2024-05-18 00:00:00,85.433,699.508,47.729
2024-05-18 01:00:00,83.3,589.083,0.0
2024-05-18 02:00:00,81.833,547.069,0.0
2024-05-18 03:00:00,81.55,532.949,0.0
2024-05-18 04:00:00,81.867,524.483,0.0
2024-05-18 05:00:00,81.867,527.259,0.0
2024-05-18 06:00:00,82.133,525.172,1.517
2024-05-18 07:00:00,82.067,526.276,1.655
2024-05-18 08:00:00,82.15,524.982,1.0
2024-05-18 09:00:00,83.117,525.034,1.0
2024-05-18 10:00:00,82.267,519.544,1.0
2024-05-18 11:00:00,82.017,516.644,1.0
2024-05-18 12:00:00,115.8,513.864,5.864
2024-05-18 13:00:00,153.967,510.655,68.776
2024-05-18 14:00:00,149.6,521.586,68.603
2024-05-18 15:00:00,406.217,559.583,70.1
2024-05-18 16:00:00,421.0,616.431,71.431
2024-05-18 17:00:00,429.2,826.237,72.983
2024-05-18 18:00:00,410.333,1121.683,72.433
2024-05-18 19:00:00,274.083,1091.237,67.373
2024-05-18 20:00:00,275.867,951.321,66.821
2024-05-18 21:00:00,238.65,924.712,66.458
2024-05-18 22:00:00,178.533,922.22,66.966
2024-05-18 23:00:00,199.433,891.421,66.509
2024-05-19 00:00:00,109.683,891.864,67.051
2024-05-19 01:00:00,90.0,894.526,57.684
2024-05-19 02:00:00,89.817,816.684,66.965
2024-05-19 03:00:00,89.65,745.333,67.1
2024-05-19 04:00:00,90.8,657.071,52.714
2024-05-19 05:00:00,88.983,590.068,0.0
2024-05-19 06:00:00,89.383,563.881,1.39
2024-05-19 07:00:00,89.05,559.356,1.797
2024-05-19 08:00:00,89.35,548.864,1.0
2024-05-19 09:00:00,89.1,545.017,1.0
2024-05-19 10:00:00,89.367,531.881,1.0
2024-05-19 11:00:00,89.317,522.833,1.0
2024-05-19 12:00:00,89.0,515.847,1.0
2024-05-19 13:00:00,182.217,514.719,22.368
2024-05-19 14:00:00,141.917,535.81,67.362
2024-05-19 15:00:00,187.417,568.475,69.932
2024-05-19 16:00:00,165.467,605.759,72.724
2024-05-19 17:00:00,183.25,629.65,72.917
2024-05-19 18:00:00,240.117,640.492,70.898
2024-05-19 19:00:00,196.467,707.672,70.0
2024-05-19 20:00:00,173.95,798.086,69.948
2024-05-19 21:00:00,198.35,820.466,69.5
2024-05-19 22:00:00,137.983,819.881,69.0
2024-05-19 23:00:00,125.933,809.417,68.8
2024-05-20 00:00:00,1.55,783.517,69.0
2024-05-20 01:00:00,92.117,718.533,69.0
2024-05-20 02:00:00,89.917,657.288,33.339
2024-05-20 03:00:00,89.35,641.35,0.0
2024-05-20 04:00:00,89.517,610.169,0.0
2024-05-20 05:00:00,89.4,587.267,0.0
2024-05-20 06:00:00,89.567,573.932,1.356
2024-05-20 07:00:00,89.983,570.085,1.508
2024-05-20 08:00:00,188.65,568.881,6.492
2024-05-20 09:00:00,1123.6,588.39,48.763
2024-05-20 10:00:00,1123.6,1191.121,66.138
2024-05-20 11:00:00,1100.533,1743.576,66.424
2024-05-20 12:00:00,1099.283,1974.864,68.085
2024-05-20 13:00:00,1123.6,1740.633,67.033
2024-05-20 14:00:00,1123.6,2028.017,66.845
2024-05-20 15:00:00,1123.6,2101.35,64.667
2024-05-20 16:00:00,1123.6,2095.7,64.667
2024-05-20 17:00:00,1123.6,1926.4,65.283
2024-05-20 18:00:00,345.683,1987.119,67.017
2024-05-20 19:00:00,247.217,1683.3,63.35
2024-05-20 20:00:00,233.617,1281.65,66.9
2024-05-20 21:00:00,219.6,981.949,67.0
2024-05-20 22:00:00,224.233,771.417,66.9
2024-05-20 23:00:00,175.867,668.267,66.8
2024-05-21 00:00:00,166.717,643.949,22.593
2024-05-21 01:00:00,152.05,632.153,60.797
2024-05-21 02:00:00,146.85,641.95,67.033
2024-05-21 03:00:00,129.383,634.661,40.61
2024-05-21 04:00:00,129.433,592.051,0.271
2024-05-21 05:00:00,128.65,572.15,0.5
2024-05-21 06:00:00,130.583,563.85,1.8
2024-05-21 07:00:00,374.2,555.4,1.633
2024-05-21 08:00:00,185.617,564.525,18.475
2024-05-21 09:00:00,956.633,601.618,57.873
2024-05-21 10:00:00,939.6,1075.456,66.105
2024-05-21 11:00:00,767.45,1546.254,66.288
2024-05-21 12:00:00,560.75,1752.433,66.133
2024-05-21 13:00:00,850.683,1288.271,65.237
2024-05-21 14:00:00,663.033,1597.661,60.068
2024-05-21 15:00:00,736.6,1471.293,68.759
2024-05-21 16:00:00,1123.6,1426.0,69.089
2024-05-21 17:00:00,0.0,1602.8,67.833
2024-05-21 18:00:00,343.533,1364.204,66.267
2024-05-21 19:00:00,271.867,1419.743,8.057
2024-05-21 20:00:00,271.433,1140.123,9.193
2024-05-21 21:00:00,204.833,1058.393,9.321
2024-05-21 22:00:00,294.517,924.414,8.724
2024-05-21 23:00:00,283.817,886.793,8.0
2024-05-22 00:00:00,137.817,897.067,8.0
2024-05-22 01:00:00,121.55,737.45,3.167
2024-05-22 02:00:00,120.9,642.967,1.133
2024-05-22 03:00:00,121.133,585.917,0.7
2024-05-22 04:00:00,121.367,547.102,0.237
2024-05-22 05:00:00,121.133,534.441,0.169
2024-05-22 06:00:00,120.983,526.433,1.967
2024-05-22 07:00:00,121.55,526.61,1.39
2024-05-22 08:00:00,221.333,532.636,1.818
2024-05-22 09:00:00,884.067,565.466,51.897
2024-05-22 10:00:00,1123.6,929.439,66.404
2024-05-22 11:00:00,861.55,1433.559,66.424
2024-05-22 12:00:00,541.3,1847.246,66.509
2024-05-22 13:00:00,881.783,1259.719,65.14
2024-05-22 14:00:00,938.933,1263.917,66.267
2024-05-22 15:00:00,880.517,1391.915,66.797
2024-05-22 16:00:00,988.033,1392.966,66.102
2024-05-22 17:00:00,970.683,1440.982,66.018
2024-05-22 18:00:00,568.3,1694.741,65.897
2024-05-22 19:00:00,339.467,1672.793,68.069
2024-05-22 20:00:00,280.533,1573.579,66.632
2024-05-22 21:00:00,297.9,1140.224,66.828
2024-05-22 22:00:00,242.717,896.569,66.552
2024-05-22 23:00:00,166.183,769.224,66.931
2024-05-23 00:00:00,106.183,697.356,58.949
2024-05-23 01:00:00,106.2,642.351,0.702
2024-05-23 02:00:00,106.25,616.186,1.017
2024-05-23 03:00:00,105.833,599.228,1.193
2024-05-23 04:00:00,106.683,584.492,1.051
2024-05-23 05:00:00,106.1,572.254,1.288
2024-05-23 06:00:00,106.967,563.433,1.9
2024-05-23 07:00:00,106.433,559.283,1.483
2024-05-23 08:00:00,168.283,556.379,3.483
2024-05-23 09:00:00,915.6,571.729,24.542
2024-05-23 10:00:00,760.833,949.345,66.466
2024-05-23 11:00:00,533.567,1141.193,66.789
2024-05-23 12:00:00,464.25,1108.207,66.897
2024-05-23 13:00:00,407.5,766.745,67.0
2024-05-23 14:00:00,398.25,915.5,67.431
2024-05-23 15:00:00,778.95,852.965,69.877
2024-05-23 16:00:00,809.1,1048.683,69.583
2024-05-23 17:00:00,879.683,1134.627,67.695
2024-05-23 18:00:00,332.583,1193.155,66.293
2024-05-23 19:00:00,327.133,1080.018,66.214
2024-05-23 20:00:00,267.117,858.321,66.679
2024-05-23 21:00:00,249.717,873.695,66.864
2024-05-23 22:00:00,279.117,878.821,66.857
2024-05-23 23:00:00,215.533,959.193,66.614
2024-05-24 00:00:00,125.717,1000.22,66.898
2024-05-24 01:00:00,118.65,943.724,19.69
2024-05-24 02:00:00,118.0,865.729,1.051
2024-05-24 03:00:00,118.317,813.45,0.867
2024-05-24 04:00:00,117.383,788.2,0.433
2024-05-24 05:00:00,118.15,752.397,0.276
2024-05-24 06:00:00,118.033,706.421,1.86
2024-05-24 07:00:00,119.083,682.068,1.78
2024-05-24 08:00:00,137.183,675.0,2.797
2024-05-24 09:00:00,657.9,647.847,51.864
2024-05-24 10:00:00,745.85,933.655,65.897
2024-05-24 11:00:00,637.283,1306.914,66.552
2024-05-24 12:00:00,434.217,1629.05,66.8
2024-05-24 13:00:00,722.9,1215.963,63.759
2024-05-24 14:00:00,826.6,1149.322,65.983
2024-05-24 15:00:00,827.6,1348.933,67.417
2024-05-24 16:00:00,866.667,1849.655,68.638
2024-05-24 17:00:00,820.733,2112.672,65.655
2024-05-24 18:00:00,435.617,2235.186,66.525
2024-05-24 19:00:00,338.85,1716.508,65.459
2024-05-24 20:00:00,325.1,1652.5,65.8
2024-05-24 21:00:00,358.5,1497.903,67.806
2024-05-24 22:00:00,297.7,1346.776,67.966
2024-05-24 23:00:00,289.867,1346.719,68.193
2024-05-25 00:00:00,191.25,1307.15,67.833
2024-05-25 01:00:00,181.533,1171.017,16.81
2024-05-25 02:00:00,180.8,1005.169,2.0
2024-05-25 03:00:00,181.417,861.683,2.0
2024-05-25 04:00:00,181.733,752.917,2.0
2024-05-25 05:00:00,181.367,690.952,2.0
2024-05-25 06:00:00,180.383,650.4,2.0
2024-05-25 07:00:00,181.867,613.18,2.0
2024-05-25 08:00:00,182.217,584.467,1.417
2024-05-25 09:00:00,182.25,562.119,1.0
2024-05-25 10:00:00,334.417,551.017,1.0
2024-05-25 11:00:00,328.45,622.322,1.983
2024-05-25 12:00:00,304.05,690.15,2.0
2024-05-25 13:00:00,353.017,705.153,2.0
2024-05-25 14:00:00,384.567,809.534,5.276
2024-05-25 15:00:00,439.817,897.65,9.9
2024-05-25 16:00:00,572.65,955.933,9.967
2024-05-25 17:00:00,613.417,1075.183,9.433
2024-05-25 18:00:00,549.7,1278.117,8.067
2024-05-25 19:00:00,360.867,1423.155,8.103
2024-05-25 20:00:00,372.4,1367.649,8.211
2024-05-25 21:00:00,437.583,1092.983,8.203
2024-05-25 22:00:00,404.883,1113.7,8.133
2024-05-25 23:00:00,357.333,1056.22,9.966
2024-05-26 00:00:00,209.367,986.705,9.574
2024-05-26 01:00:00,210.433,850.254,8.203
2024-05-26 02:00:00,212.567,734.443,8.0
2024-05-26 03:00:00,163.183,676.852,8.0
2024-05-26 04:00:00,145.517,642.852,3.836
2024-05-26 05:00:00,146.0,606.148,2.0
2024-05-26 06:00:00,146.033,574.557,2.0
2024-05-26 07:00:00,145.583,549.803,1.426
2024-05-26 08:00:00,146.467,544.066,1.0
2024-05-26 09:00:00,146.733,531.267,1.0
2024-05-26 10:00:00,147.083,519.169,1.0
2024-05-26 11:00:00,143.833,516.367,1.0
2024-05-26 12:00:00,168.25,514.898,1.237
2024-05-26 13:00:00,213.433,518.467,40.85
2024-05-26 14:00:00,200.95,627.712,67.0
2024-05-26 15:00:00,350.45,725.267,65.0
2024-05-26 16:00:00,465.817,823.576,59.576
2024-05-26 17:00:00,367.333,1013.7,66.733
2024-05-26 18:00:00,287.2,1121.967,66.867
2024-05-26 19:00:00,245.467,1145.068,66.593
2024-05-26 20:00:00,312.467,1045.153,66.356
2024-05-26 21:00:00,393.817,1031.267,8.4
2024-05-26 22:00:00,384.35,1075.1,8.233
2024-05-26 23:00:00,305.467,1202.517,8.333
2024-05-27 00:00:00,106.067,1215.559,8.576
2024-05-27 01:00:00,90.917,1128.0,1.85
2024-05-27 02:00:00,91.283,930.639,0.098
2024-05-27 03:00:00,91.05,811.333,0.067
2024-05-27 04:00:00,90.75,738.9,0.0
2024-05-27 05:00:00,90.883,691.333,0.0
2024-05-27 06:00:00,91.567,661.373,1.729
2024-05-27 07:00:00,91.25,635.417,1.7
2024-05-27 08:00:00,174.217,601.034,5.136
2024-05-27 09:00:00,1123.6,578.017,42.542
2024-05-27 10:00:00,1123.6,1102.424,65.017
2024-05-27 11:00:00,1123.6,1532.667,65.035
2024-05-27 12:00:00,1123.6,1634.702,65.211
2024-05-27 13:00:00,1123.6,1433.542,65.136
2024-05-27 14:00:00,1123.6,1781.897,65.138
2024-05-27 15:00:00,1123.6,1959.379,64.966
2024-05-27 16:00:00,1123.6,1213.448,65.724
2024-05-27 17:00:00,1123.6,1133.492,66.051
2024-05-27 18:00:00,325.883,1042.583,66.3
2024-05-27 19:00:00,448.883,815.22,66.593
2024-05-27 20:00:00,479.533,666.867,68.9
2024-05-27 21:00:00,428.183,715.509,68.719
2024-05-27 22:00:00,299.433,759.271,68.458
2024-05-27 23:00:00,200.317,655.237,68.831
2024-05-28 00:00:00,84.517,590.492,66.458
2024-05-28 01:00:00,83.383,516.1,1.65
2024-05-28 02:00:00,83.133,500.305,0.0
2024-05-28 03:00:00,81.833,500.638,0.0
2024-05-28 04:00:00,80.933,496.95,0.0
2024-05-28 05:00:00,81.017,497.103,0.0
2024-05-28 06:00:00,80.633,499.19,1.172
2024-05-28 07:00:00,81.55,503.339,1.627
2024-05-28 08:00:00,141.333,500.083,4.7
2024-05-28 09:00:00,954.75,511.25,35.867
2024-05-28 10:00:00,868.683,884.431,65.741
2024-05-28 11:00:00,707.55,1238.69,65.362
2024-05-28 12:00:00,500.05,1364.621,65.552
2024-05-28 13:00:00,857.867,1125.621,65.552
2024-05-28 14:00:00,764.667,1336.6,66.15
2024-05-28 15:00:00,473.733,1437.627,66.339
2024-05-28 16:00:00,458.883,1369.0,65.678
2024-05-28 17:00:00,742.85,1183.5,66.767
2024-05-28 18:00:00,291.033,1274.683,68.133
2024-05-28 19:00:00,324.05,1270.467,66.467
2024-05-28 20:00:00,411.417,1009.383,67.667
2024-05-28 21:00:00,439.033,1068.898,67.983
2024-05-28 22:00:00,301.433,1143.051,68.288
2024-05-28 23:00:00,234.167,1113.833,65.633
2024-05-29 00:00:00,99.417,973.847,65.644
2024-05-29 01:00:00,92.517,800.483,26.793
2024-05-29 02:00:00,91.617,664.45,0.0
2024-05-29 03:00:00,93.783,589.333,0.0
2024-05-29 04:00:00,91.967,553.136,0.0
2024-05-29 05:00:00,91.917,533.617,0.0
2024-05-29 06:00:00,94.633,524.55,1.6
2024-05-29 07:00:00,97.017,519.81,1.81
2024-05-29 08:00:00,123.183,525.5,4.517
2024-05-29 09:00:00,1038.583,548.034,56.966
2024-05-29 10:00:00,1123.6,897.667,66.567
2024-05-29 11:00:00,792.7,1465.61,70.39
2024-05-29 12:00:00,521.85,1354.271,66.492
2024-05-29 13:00:00,921.183,928.847,66.932
2024-05-29 14:00:00,943.6,1166.339,65.763
2024-05-29 15:00:00,928.017,1210.508,79.933
2024-05-29 16:00:00,1057.05,1294.05,69.25
2024-05-29 17:00:00,846.683,1392.78,67.576
2024-05-29 18:00:00,376.483,1331.15,66.267
2024-05-29 19:00:00,254.433,1033.172,65.759
2024-05-29 20:00:00,369.317,764.283,66.333
2024-05-29 21:00:00,337.65,782.305,66.085
2024-05-29 22:00:00,201.55,792.883,66.033
2024-05-29 23:00:00,115.3,761.333,65.833
2024-05-30 00:00:00,62.8,637.593,65.678
2024-05-30 01:00:00,62.283,566.186,4.102
2024-05-30 02:00:00,61.517,536.119,2.0
2024-05-30 03:00:00,62.25,524.533,2.0
2024-05-30 04:00:00,62.1,522.983,2.0
2024-05-30 05:00:00,61.367,523.102,1.966
2024-05-30 06:00:00,61.717,519.867,1.933
2024-05-30 07:00:00,61.967,522.233,1.717
2024-05-30 08:00:00,167.217,531.067,39.433
2024-05-30 09:00:00,893.617,560.467,66.867
2024-05-30 10:00:00,809.1,1042.35,66.583
2024-05-30 11:00:00,806.85,1561.345,66.466
2024-05-30 12:00:00,576.833,1865.186,66.458
2024-05-30 13:00:00,1114.167,1324.053,66.193
2024-05-30 14:00:00,1087.617,1484.4,65.9
2024-05-30 15:00:00,1089.067,1865.448,66.034
2024-05-30 16:00:00,1001.967,1957.576,66.051
2024-05-30 17:00:00,971.067,1934.55,66.15
2024-05-30 18:00:00,350.517,1876.508,68.051
2024-05-30 19:00:00,442.933,1532.305,64.898
2024-05-30 20:00:00,464.1,1290.169,67.034
2024-05-30 21:00:00,417.55,1399.322,67.847
2024-05-30 22:00:00,324.883,1454.4,67.033
2024-05-30 23:00:00,304.467,1326.433,66.4
2024-05-31 00:00:00,236.817,1230.1,65.333
2024-05-31 01:00:00,139.417,1175.707,37.086
2024-05-31 02:00:00,138.75,997.783,0.033
2024-05-31 03:00:00,138.283,852.117,0.0
2024-05-31 04:00:00,138.467,763.4,0.0
2024-05-31 05:00:00,138.3,705.542,0.0
2024-05-31 06:00:00,141.65,661.317,1.3
2024-05-31 07:00:00,139.883,625.373,6.576
2024-05-31 08:00:00,210.283,587.914,10.655
2024-05-31 09:00:00,599.783,580.053,32.368
2024-05-31 10:00:00,378.133,900.034,66.948
2024-05-31 11:00:00,617.917,1035.69,66.966
2024-05-31 12:00:00,485.183,1028.667,65.667
2024-05-31 13:00:00,1123.6,733.228,66.561
2024-05-31 14:00:00,975.767,1258.508,24.61
2024-05-31 15:00:00,543.117,1388.458,16.814
2024-05-31 16:00:00,873.85,1097.483,11.567
2024-05-31 17:00:00,931.733,1135.232,11.143
2024-05-31 18:00:00,549.217,1179.95,9.433
2024-05-31 19:00:00,446.567,1079.621,9.276
2024-05-31 20:00:00,516.333,794.533,9.433
2024-05-31 21:00:00,393.017,1018.117,8.033
2024-05-31 22:00:00,372.183,1007.78,8.949
2024-05-31 23:00:00,369.117,975.533,8.0
2024-06-01 00:00:00,236.1,1010.383,8.033
2024-06-01 01:00:00,158.967,1034.983,8.136
2024-06-01 02:00:00,157.283,871.617,2.0
2024-06-01 03:00:00,156.467,764.864,2.0
2024-06-01 04:00:00,156.9,691.862,2.0
2024-06-01 05:00:00,157.317,639.817,2.0
2024-06-01 06:00:00,158.133,592.949,2.0
2024-06-01 07:00:00,158.667,574.083,1.483
2024-06-01 08:00:00,157.8,552.733,1.0
2024-06-01 09:00:00,157.2,530.288,1.0
2024-06-01 10:00:00,157.267,527.467,1.0
2024-06-01 11:00:00,244.033,515.828,1.397
2024-06-01 12:00:00,252.567,540.491,9.719
2024-06-01 13:00:00,423.133,557.017,9.069
2024-06-01 14:00:00,513.15,661.033,9.7
2024-06-01 15:00:00,528.383,909.867,10.333
2024-06-01 16:00:00,587.667,1137.65,9.333
2024-06-01 17:00:00,598.65,1462.492,9.153
2024-06-01 18:00:00,829.617,1677.433,9.167
2024-06-01 19:00:00,591.217,2027.448,8.172
2024-06-01 20:00:00,666.567,2043.207,8.345
2024-06-01 21:00:00,506.567,2143.103,8.103
2024-06-01 22:00:00,432.5,2108.672,8.069
2024-06-01 23:00:00,396.917,2007.083,8.0
2024-06-02 00:00:00,300.8,1896.881,8.068
2024-06-02 01:00:00,243.383,1642.05,8.033
2024-06-02 02:00:00,176.85,1387.593,8.0
2024-06-02 03:00:00,149.283,1238.5,3.0
2024-06-02 04:00:00,147.683,1053.881,0.0
2024-06-02 05:00:00,148.1,899.65,0.0
2024-06-02 06:00:00,148.617,787.067,1.633
2024-06-02 07:00:00,149.167,714.933,1.583
2024-06-02 08:00:00,148.9,661.017,1.0
2024-06-02 09:00:00,150.033,636.217,1.0
2024-06-02 10:00:00,177.517,610.6,1.0
2024-06-02 11:00:00,220.217,618.78,52.678
2024-06-02 12:00:00,208.65,724.05,66.0
2024-06-02 13:00:00,305.85,732.051,64.966
2024-06-02 14:00:00,233.2,897.672,53.967
2024-06-02 15:00:00,391.383,1223.288,18.542
2024-06-02 16:00:00,362.3,1302.31,8.931
2024-06-02 17:00:00,347.9,1396.483,9.5
2024-06-02 18:00:00,309.533,1381.776,8.828
2024-06-02 19:00:00,233.733,1175.741,8.069
2024-06-02 20:00:00,255.2,884.018,8.0
2024-06-02 21:00:00,134.9,881.22,8.136
2024-06-02 22:00:00,68.883,861.817,8.1
2024-06-02 23:00:00,89.25,810.271,8.034
2024-06-03 00:00:00,197.3,799.288,8.136
2024-06-03 01:00:00,99.133,847.695,8.068
2024-06-03 02:00:00,71.65,777.367,5.167
2024-06-03 03:00:00,71.367,695.567,0.067
2024-06-03 04:00:00,70.65,626.867,0.0
2024-06-03 05:00:00,133.667,584.717,0.033
2024-06-03 06:00:00,189.85,576.2,38.25
2024-06-03 07:00:00,181.65,678.441,69.0
2024-06-03 08:00:00,254.35,734.328,68.534
2024-06-03 09:00:00,880.467,773.386,67.596
2024-06-03 10:00:00,597.15,1265.414,65.069
2024-06-03 11:00:00,452.933,1502.421,67.246
2024-06-03 12:00:00,401.667,1659.0,64.053
2024-06-03 13:00:00,1123.6,1322.967,66.033
2024-06-03 14:00:00,998.05,1925.279,24.525
2024-06-03 15:00:00,931.017,2198.431,16.5
2024-06-03 16:00:00,770.633,2017.305,46.441
2024-06-03 17:00:00,968.05,1978.121,22.052
2024-06-03 18:00:00,720.8,2066.569,8.741
2024-06-03 19:00:00,486.15,1938.298,8.0
2024-06-03 20:00:00,443.6,1646.569,8.241
2024-06-03 21:00:00,441.583,1377.237,8.068
2024-06-03 22:00:00,301.267,1412.508,8.237
2024-06-03 23:00:00,302.583,1378.317,8.2
2024-06-04 00:00:00,371.567,1290.915,8.068
2024-06-04 01:00:00,494.717,1184.017,8.103
2024-06-04 02:00:00,408.383,1148.767,8.0
2024-06-04 03:00:00,126.967,1137.069,8.069
2024-06-04 04:00:00,115.983,1005.797,3.102
2024-06-04 05:00:00,116.083,773.317,2.0
2024-06-04 06:00:00,116.05,665.763,1.966
2024-06-04 07:00:00,116.25,602.569,1.672
2024-06-04 08:00:00,181.833,574.772,5.246
2024-06-04 09:00:00,1123.6,576.508,40.932
2024-06-04 10:00:00,1076.45,1136.929,68.571
2024-06-04 11:00:00,938.783,1825.017,73.897
2024-06-04 12:00:00,604.55,1961.466,65.276
2024-06-04 13:00:00,1123.6,1381.707,66.414
2024-06-04 14:00:00,1123.6,1755.897,65.655
2024-06-04 15:00:00,863.083,1971.153,64.356
2024-06-04 16:00:00,784.683,1847.207,65.172
2024-06-04 17:00:00,970.15,1648.19,65.724
2024-06-04 18:00:00,516.683,1689.217,66.0
2024-06-04 19:00:00,291.383,1573.828,67.0
2024-06-04 20:00:00,556.8,1277.067,66.7
2024-06-04 21:00:00,512.667,1171.583,66.767
2024-06-04 22:00:00,256.217,1285.288,67.881
2024-06-04 23:00:00,447.333,1216.695,57.898
2024-06-05 00:00:00,99.417,973.847,65.644
2024-06-05 01:00:00,92.517,800.483,26.793
2024-06-05 02:00:00,91.617,664.45,0.0
2024-06-05 03:00:00,93.783,589.333,0.0
2024-06-05 04:00:00,91.967,553.136,0.0
2024-06-05 05:00:00,91.917,533.617,0.0
2024-06-05 06:00:00,94.633,524.55,1.6
2024-06-05 07:00:00,97.017,519.81,1.81
2024-06-05 08:00:00,123.183,525.5,4.517
2024-06-05 09:00:00,1038.583,548.034,56.966
2024-06-05 10:00:00,1123.6,897.667,66.567
2024-06-05 11:00:00,792.7,1465.61,70.39
2024-06-05 12:00:00,521.85,1354.271,66.492
2024-06-05 13:00:00,921.183,928.847,66.932
2024-06-05 14:00:00,943.6,1166.339,65.763
2024-06-05 15:00:00,928.017,1210.508,79.933
2024-06-05 16:00:00,1057.05,1294.05,69.25
2024-06-05 17:00:00,846.683,1392.78,67.576
2024-06-05 18:00:00,376.483,1331.15,66.267
2024-06-05 19:00:00,254.433,1033.172,65.759
2024-06-05 20:00:00,369.317,764.283,66.333
2024-06-05 21:00:00,337.65,782.305,66.085
2024-06-05 22:00:00,201.55,792.883,66.033
2024-06-05 23:00:00,115.3,761.333,65.833
2024-06-06 00:00:00,62.8,637.593,65.678
2024-06-06 01:00:00,62.283,566.186,4.102
2024-06-06 02:00:00,61.517,536.119,2.0
2024-06-06 03:00:00,62.25,524.533,2.0
2024-06-06 04:00:00,62.1,522.983,2.0
2024-06-06 05:00:00,61.367,523.102,1.966
2024-06-06 06:00:00,61.717,519.867,1.933
2024-06-06 07:00:00,61.967,522.233,1.717
2024-06-06 08:00:00,167.217,531.067,39.433
2024-06-06 09:00:00,893.617,560.467,66.867
2024-06-06 10:00:00,809.1,1042.35,66.583
2024-06-06 11:00:00,806.85,1561.345,66.466
2024-06-06 12:00:00,576.833,1865.186,66.458
2024-06-06 13:00:00,1114.167,1324.053,66.193
2024-06-06 14:00:00,1087.617,1484.4,65.9
2024-06-06 15:00:00,1089.067,1865.448,66.034
2024-06-06 16:00:00,1001.967,1957.576,66.051
2024-06-06 17:00:00,971.067,1934.55,66.15
2024-06-06 18:00:00,350.517,1876.508,68.051
2024-06-06 19:00:00,442.933,1532.305,64.898
2024-06-06 20:00:00,464.1,1290.169,67.034
2024-06-06 21:00:00,417.55,1399.322,67.847
2024-06-06 22:00:00,324.883,1454.4,67.033
2024-06-06 23:00:00,304.467,1326.433,66.4
2024-06-07 00:00:00,3.783,571.333,2.1
2024-06-07 01:00:00,4.017,555.167,2.0
2024-06-07 02:00:00,4.0,545.356,2.0
2024-06-07 03:00:00,4.033,539.034,2.0
2024-06-07 04:00:00,3.9,533.78,2.0
2024-06-07 05:00:00,3.933,528.483,2.0
2024-06-07 06:00:00,3.817,526.2,1.917
2024-06-07 07:00:00,4.167,523.966,1.017
2024-06-07 08:00:00,3.7,539.932,6.983
2024-06-07 09:00:00,555.3,559.729,25.644
2024-06-07 10:00:00,635.733,900.949,66.847
2024-06-07 11:00:00,402.283,1137.155,66.897
2024-06-07 12:00:00,477.617,1069.351,67.211
2024-06-07 13:00:00,711.033,974.293,66.431
2024-06-07 14:00:00,1007.0,1336.933,66.517
2024-06-07 15:00:00,733.783,1811.0,78.356
2024-06-07 16:00:00,752.5,2036.39,79.864
2024-06-07 17:00:00,617.467,2057.317,79.133
2024-06-07 18:00:00,91.7,1976.783,77.4
2024-06-07 19:00:00,53.067,1619.424,66.864
2024-06-07 20:00:00,84.7,1077.233,9.8
2024-06-07 21:00:00,156.133,932.083,37.05
2024-06-07 22:00:00,154.85,991.79,66.903
2024-06-07 23:00:00,113.883,1052.414,66.862
2024-06-08 00:00:00,43.75,1037.133,60.5
2024-06-08 01:00:00,55.017,968.017,28.7
2024-06-08 02:00:00,35.767,906.983,67.0
2024-06-08 03:00:00,28.917,820.441,20.729
2024-06-08 04:00:00,28.967,750.492,2.0
2024-06-08 05:00:00,28.817,713.034,2.0
2024-06-08 06:00:00,29.0,682.617,2.0
2024-06-08 07:00:00,28.783,656.75,1.55
2024-06-08 08:00:00,28.533,635.983,1.067
2024-06-08 09:00:00,28.567,617.15,1.0
2024-06-08 10:00:00,28.867,604.767,1.0
2024-06-08 11:00:00,28.817,584.117,1.433
2024-06-08 12:00:00,28.617,577.683,1.3
2024-06-08 13:00:00,46.967,575.61,1.39
2024-06-08 14:00:00,82.817,570.25,26.55
2024-06-08 15:00:00,89.483,591.424,67.068
2024-06-08 16:00:00,161.083,587.483,67.133
2024-06-08 17:00:00,163.267,638.233,67.0
2024-06-08 18:00:00,90.533,689.885,67.0
2024-06-08 19:00:00,71.117,708.317,67.033
2024-06-08 20:00:00,82.017,668.754,67.0
2024-06-08 21:00:00,74.333,651.068,67.0
2024-06-08 22:00:00,84.367,644.814,67.0
2024-06-08 23:00:00,73.367,635.183,66.933
2024-06-09 00:00:00,0.417,637.61,55.407
2024-06-09 01:00:00,25.483,606.1,2.0
2024-06-09 02:00:00,25.3,583.85,2.0
2024-06-09 03:00:00,25.617,578.35,2.0
2024-06-09 04:00:00,25.417,569.2,2.0
2024-06-09 05:00:00,25.483,565.367,2.0
2024-06-09 06:00:00,25.5,558.0,2.0
2024-06-09 07:00:00,25.217,550.803,1.295
2024-06-09 08:00:00,25.217,544.267,1.0
2024-06-09 09:00:00,25.683,541.383,1.0
2024-06-09 10:00:00,25.683,533.75,1.0
2024-06-09 11:00:00,25.5,533.5,1.0
2024-06-09 12:00:00,25.383,532.417,1.0
2024-06-09 13:00:00,25.417,527.717,1.0
2024-06-09 14:00:00,25.583,528.426,1.0
2024-06-09 15:00:00,26.142,526.183,0.75
2024-06-09 16:00:00,24.741,522.424,6.215
2024-06-09 17:00:00,24.741,701.0,6.215
2024-06-09 18:00:00,24.741,983.034,0.881
2024-06-09 19:00:00,26.142,1194.593,6.215
2024-06-09 20:00:00,26.142,1036.966,6.215
2024-06-09 21:00:00,26.142,946.593,6.215
2024-06-09 22:00:00,25.5,935.917,6.215
2024-06-09 23:00:00,25.533,891.492,2.0
2024-06-10 00:00:00,24.741,817.633,2.0
